<configuration>

  <contextListener class="ch.qos.logback.classic.jul.LevelChangePropagator">
    <resetJUL>true</resetJUL>
  </contextListener>

  <shutdownHook/>

  <statusListener class="ch.qos.logback.core.status.NopStatusListener" />

  <appender name="STDOUT" class="ch.qos.logback.core.ConsoleAppender">
    <encoder>
      <pattern>%d{ISO8601, UTC} [%thread] %-5level %logger - %msg%n</pattern>
    </encoder>
    <filter class="ch.qos.logback.classic.filter.ThresholdFilter">
      <level>INFO</level>
    </filter>
  </appender>

  <appender name="FILE" class="ch.qos.logback.core.FileAppender">
	<file>/var/lib/rnode/rnode.log</file>
    <append>false</append>
    <encoder>
      <pattern>%d{ISO8601, UTC} [%thread] %-5level %logger - %msg%n</pattern>
    </encoder>
  </appender>

  <logger name="coop.rchain.rspace" level="warn" />
  <logger name="org.http4s" level="warn" />
  <logger name="io.netty" level="warn" />
  <logger name="io.grpc" level="warn" />
  <logger name="org.http4s.blaze.channel.nio1.NIO1SocketServerGroup" level="OFF" />

  <root level="info">
    <appender-ref ref="STDOUT" />
    <appender-ref ref="FILE" />
  </root>

</configuration>
